
{
	"allowSleep" : true,
	"autoClearForces" : true,
	"body" : 
	[
		
		{
			"angle" : 0,
			"angularVelocity" : 0,
			"awake" : true,
			"fixture" : 
			[
				
				{
					"density" : 1,
					"friction" : 0.2,
					"name" : "fixture1",
					"polygon" : 
					{
						"vertices" : 
						{
							"x" : [ 9.753841400146484, -0.4188415408134460, -10.65422630310059 ],
							"y" : [ 7.353260993957520, 25.04526329040527, 7.389557838439941 ]
						}
					}
				},
				
				{
					"density" : 1,
					"friction" : 1,
					"name" : "fixture0",
					"polygon" : 
					{
						"vertices" : 
						{
							"x" : 
							[
								7.303803920745850,
								7.303803920745850,
								-7.303804874420166,
								-7.303804874420166
							],
							"y" : 
							[
								-7.303806304931641,
								7.303801536560059,
								7.303801536560059,
								-7.303806304931641
							]
						}
					}
				}
			],
			"linearVelocity" : 0,
			"name" : "body0",
			"position" : 
			{
				"x" : 0.4228926897048950,
				"y" : 38.550292968750
			},
			"type" : 0
		}
	],
	"collisionbitplanes" : 
	{
		"names" : 
		[
			"bitplane1",
			"bitplane2",
			"bitplane3",
			"bitplane4",
			"bitplane5",
			"bitplane6",
			"bitplane7",
			"bitplane8",
			"bitplane9",
			"bitplane10",
			"bitplane11",
			"bitplane12",
			"bitplane13",
			"bitplane14",
			"bitplane15",
			"bitplane16",
			"bitplane17",
			"bitplane18",
			"bitplane19",
			"bitplane20",
			"bitplane21",
			"bitplane22",
			"bitplane23",
			"bitplane24",
			"bitplane25",
			"bitplane26",
			"bitplane27",
			"bitplane28",
			"bitplane29",
			"bitplane30",
			"bitplane31",
			"bitplane32"
		]
	},
	"continuousPhysics" : true,
	"gravity" : 
	{
		"x" : 0,
		"y" : 10
	},
	"image" : 
	[
		
		{
			"angle" : -3.140515089035034,
			"aspectScale" : 1,
			"body" : -1,
			"center" : 
			{
				"x" : 2.710124015808106,
				"y" : 22.68474197387695
			},
			"corners" : 
			{
				"x" : 
				[
					12.69934272766113,
					-7.300645828247070,
					-7.279094696044922,
					12.72089385986328
				],
				"y" : 
				[
					32.69551086425781,
					32.67396163940430,
					12.67397212982178,
					12.69552326202393
				]
			},
			"file" : "AssetLoader/mushroom.png",
			"filter" : 1,
			"glDrawElements" : [ 0, 1, 2, 2, 3, 0 ],
			"glTexCoordPointer" : [ 0.0, 0.0, 1, 0.0, 1, 1, 0.0, 1 ],
			"glVertexPointer" : 
			[
				12.69934272766113,
				32.69551086425781,
				-7.300645828247070,
				32.67396163940430,
				-7.279094696044922,
				12.67397212982178,
				12.72089385986328,
				12.69552326202393
			],
			"name" : "image0",
			"opacity" : 1,
			"scale" : 20.0
		}
	],
	"positionIterations" : 3,
	"stepsPerSecond" : 60.0,
	"subStepping" : false,
	"velocityIterations" : 8,
	"warmStarting" : true
}
